KimberleeRivera@gmail.com,KimberleeRivera,Kimberlee,Rivera,901.0
MaryVarghese@gmail.com,MaryVarghese,Mary,Varghese,887.0
SandraBlankenship@gmail.com,SandraBlankenship,Sandra,Blankenship,522.0
LaraeWilson@gmail.com,LaraeWilson,Larae,Wilson,922.0
RayRitchie@gmail.com,RayRitchie,Ray,Ritchie,577.0
MichaelChambers@gmail.com,MichaelChambers,Michael,Chambers,778.0
MichealCrigler@gmail.com,MichealCrigler,Micheal,Crigler,146.0
PaulHubbard@gmail.com,PaulHubbard,Paul,Hubbard,186.0
KellyHolliday@gmail.com,KellyHolliday,Kelly,Holliday,567.0
TamikaWardlaw@gmail.com,TamikaWardlaw,Tamika,Wardlaw,377.0
JohnMontgomery@gmail.com,JohnMontgomery,John,Montgomery,86.0
SandraVela@gmail.com,SandraVela,Sandra,Vela,867.0
ReginaTeeters@gmail.com,ReginaTeeters,Regina,Teeters,91.0
NancyHead@gmail.com,NancyHead,Nancy,Head,832.0
TimothyHarris@gmail.com,TimothyHarris,Timothy,Harris,349.0
LonnieFrazier@gmail.com,LonnieFrazier,Lonnie,Frazier,506.0
CharlesMendez@gmail.com,CharlesMendez,Charles,Mendez,717.0
RalphSalazar@gmail.com,RalphSalazar,Ralph,Salazar,553.0
JeanKeith@gmail.com,JeanKeith,Jean,Keith,570.0
BerniceMeyer@gmail.com,BerniceMeyer,Bernice,Meyer,355.0
ReginaCalabrese@gmail.com,ReginaCalabrese,Regina,Calabrese,119.0
SethJones@gmail.com,SethJones,Seth,Jones,280.0
OdellReed@gmail.com,OdellReed,Odell,Reed,866.0
MarthaWoods@gmail.com,MarthaWoods,Martha,Woods,660.0
DavidNeal@gmail.com,DavidNeal,David,Neal,475.0
VanWolfram@gmail.com,VanWolfram,Van,Wolfram,644.0
ChristopherPatterson@gmail.com,ChristopherPatterson,Christopher,Patterson,183.0
StanleyBarnes@gmail.com,StanleyBarnes,Stanley,Barnes,588.0
MarciaMaxwell@gmail.com,MarciaMaxwell,Marcia,Maxwell,892.0
DorothyPeck@gmail.com,DorothyPeck,Dorothy,Peck,130.0
BenjaminCatlin@gmail.com,BenjaminCatlin,Benjamin,Catlin,180.0
JaimeBrinson@gmail.com,JaimeBrinson,Jaime,Brinson,17.0
EdwardMcclallen@gmail.com,EdwardMcclallen,Edward,Mcclallen,217.0
FlorenceVegas@gmail.com,FlorenceVegas,Florence,Vegas,343.0
HowardBray@gmail.com,HowardBray,Howard,Bray,594.0
MargaretGarrett@gmail.com,MargaretGarrett,Margaret,Garrett,770.0
LanceJackson@gmail.com,LanceJackson,Lance,Jackson,92.0
MaryAbrams@gmail.com,MaryAbrams,Mary,Abrams,620.0
RonaldStahnke@gmail.com,RonaldStahnke,Ronald,Stahnke,480.0
MichaelMintz@gmail.com,MichaelMintz,Michael,Mintz,513.0
JeffDean@gmail.com,JeffDean,Jeff,Dean,949.0
FredOdell@gmail.com,FredOdell,Fred,Odell,635.0
RubyFurrer@gmail.com,RubyFurrer,Ruby,Furrer,623.0
JohnTrail@gmail.com,JohnTrail,John,Trail,880.0
KelleySantos@gmail.com,KelleySantos,Kelley,Santos,936.0
BerthaWildner@gmail.com,BerthaWildner,Bertha,Wildner,60.0
KristieStadler@gmail.com,KristieStadler,Kristie,Stadler,26.0
BrianTurner@gmail.com,BrianTurner,Brian,Turner,825.0
JosephStewart@gmail.com,JosephStewart,Joseph,Stewart,492.0
AlbertMainor@gmail.com,AlbertMainor,Albert,Mainor,683.0
JeffreyHolland@gmail.com,JeffreyHolland,Jeffrey,Holland,281.0
AnneSomilleda@gmail.com,AnneSomilleda,Anne,Somilleda,439.0
WilliamMcintyre@gmail.com,WilliamMcintyre,William,Mcintyre,791.0
LindaBush@gmail.com,LindaBush,Linda,Bush,35.0
CharlesHudspeth@gmail.com,CharlesHudspeth,Charles,Hudspeth,834.0
KristinaSweat@gmail.com,KristinaSweat,Kristina,Sweat,382.0
PaulMccarty@gmail.com,PaulMccarty,Paul,Mccarty,232.0
MargaretSprayberry@gmail.com,MargaretSprayberry,Margaret,Sprayberry,109.0
LydiaGrey@gmail.com,LydiaGrey,Lydia,Grey,54.0
ElizabethDambrosio@gmail.com,ElizabethDambrosio,Elizabeth,Dambrosio,374.0
DoyleMeyers@gmail.com,DoyleMeyers,Doyle,Meyers,756.0
ElisabethHigley@gmail.com,ElisabethHigley,Elisabeth,Higley,749.0
HeatherDoty@gmail.com,HeatherDoty,Heather,Doty,822.0
ChristiTheriault@gmail.com,ChristiTheriault,Christi,Theriault,681.0
CoreyHerrman@gmail.com,CoreyHerrman,Corey,Herrman,922.0
TimothyCowan@gmail.com,TimothyCowan,Timothy,Cowan,824.0
CurtisPanza@gmail.com,CurtisPanza,Curtis,Panza,109.0
MariaMiller@gmail.com,MariaMiller,Maria,Miller,862.0
JacqulineJackson@gmail.com,JacqulineJackson,Jacquline,Jackson,793.0
OlgaStock@gmail.com,OlgaStock,Olga,Stock,163.0
MichaleCoronado@gmail.com,MichaleCoronado,Michale,Coronado,21.0
NelsonMackerl@gmail.com,NelsonMackerl,Nelson,Mackerl,69.0
MaryWeiss@gmail.com,MaryWeiss,Mary,Weiss,213.0
JorgeEdmonson@gmail.com,JorgeEdmonson,Jorge,Edmonson,61.0
DorothyRoberson@gmail.com,DorothyRoberson,Dorothy,Roberson,418.0
JeffAustin@gmail.com,JeffAustin,Jeff,Austin,573.0
TessJones@gmail.com,TessJones,Tess,Jones,560.0
FrancisPurcell@gmail.com,FrancisPurcell,Francis,Purcell,661.0
VictorClark@gmail.com,VictorClark,Victor,Clark,108.0
JohnHanneman@gmail.com,JohnHanneman,John,Hanneman,193.0
AndrewEasley@gmail.com,AndrewEasley,Andrew,Easley,838.0
PetraFirestone@gmail.com,PetraFirestone,Petra,Firestone,509.0
LisaLee@gmail.com,LisaLee,Lisa,Lee,715.0
DaleBenson@gmail.com,DaleBenson,Dale,Benson,991.0
GaryPeterson@gmail.com,GaryPeterson,Gary,Peterson,853.0
JoeVaugh@gmail.com,JoeVaugh,Joe,Vaugh,876.0
RickyWarren@gmail.com,RickyWarren,Ricky,Warren,394.0
ShirleySmith@gmail.com,ShirleySmith,Shirley,Smith,574.0
EuniceDelp@gmail.com,EuniceDelp,Eunice,Delp,906.0
KathleenKnaus@gmail.com,KathleenKnaus,Kathleen,Knaus,784.0
RichardTorres@gmail.com,RichardTorres,Richard,Torres,852.0
JamesJarvis@gmail.com,JamesJarvis,James,Jarvis,626.0
ElsaWatson@gmail.com,ElsaWatson,Elsa,Watson,962.0
RichardColegrove@gmail.com,RichardColegrove,Richard,Colegrove,723.0
DemetriusWarncke@gmail.com,DemetriusWarncke,Demetrius,Warncke,69.0
JillFossett@gmail.com,JillFossett,Jill,Fossett,62.0
DoloresWinfrey@gmail.com,DoloresWinfrey,Dolores,Winfrey,539.0
MarianKlein@gmail.com,MarianKlein,Marian,Klein,953.0
DorothyHolmquist@gmail.com,DorothyHolmquist,Dorothy,Holmquist,309.0
ElanaHan@gmail.com,ElanaHan,Elana,Han,4.0
CarlaCunningham@gmail.com,CarlaCunningham,Carla,Cunningham,923.0
DonaldDickinson@gmail.com,DonaldDickinson,Donald,Dickinson,227.0
RebeccaJames@gmail.com,RebeccaJames,Rebecca,James,812.0
AnnetteFay@gmail.com,AnnetteFay,Annette,Fay,862.0
KaseyMurphy@gmail.com,KaseyMurphy,Kasey,Murphy,964.0
JackJones@gmail.com,JackJones,Jack,Jones,97.0
EveretteMueller@gmail.com,EveretteMueller,Everette,Mueller,899.0
LeonaSimpson@gmail.com,LeonaSimpson,Leona,Simpson,140.0
GreggLazarus@gmail.com,GreggLazarus,Gregg,Lazarus,361.0
MargaretClancy@gmail.com,MargaretClancy,Margaret,Clancy,942.0
LauraPerry@gmail.com,LauraPerry,Laura,Perry,495.0
NathanSantos@gmail.com,NathanSantos,Nathan,Santos,46.0
NatalieReffett@gmail.com,NatalieReffett,Natalie,Reffett,57.0
GabrielaMorelli@gmail.com,GabrielaMorelli,Gabriela,Morelli,471.0
JohnBeacom@gmail.com,JohnBeacom,John,Beacom,866.0
BrianBuresh@gmail.com,BrianBuresh,Brian,Buresh,15.0
MichaelMorrison@gmail.com,MichaelMorrison,Michael,Morrison,462.0
BrianCollins@gmail.com,BrianCollins,Brian,Collins,213.0
ThomasParkinson@gmail.com,ThomasParkinson,Thomas,Parkinson,262.0
HarryThompson@gmail.com,HarryThompson,Harry,Thompson,317.0
FredericSloan@gmail.com,FredericSloan,Frederic,Sloan,371.0
TammiDuhamel@gmail.com,TammiDuhamel,Tammi,Duhamel,141.0
JoeHarper@gmail.com,JoeHarper,Joe,Harper,803.0
KevinNorman@gmail.com,KevinNorman,Kevin,Norman,670.0
StanleyStanley@gmail.com,StanleyStanley,Stanley,Stanley,369.0
ShermanMiller@gmail.com,ShermanMiller,Sherman,Miller,59.0
KeturahCook@gmail.com,KeturahCook,Keturah,Cook,162.0
LorrettaMason@gmail.com,LorrettaMason,Lorretta,Mason,805.0
MarleneMagee@gmail.com,MarleneMagee,Marlene,Magee,847.0
ErrolGough@gmail.com,ErrolGough,Errol,Gough,913.0
KelseyBrown@gmail.com,KelseyBrown,Kelsey,Brown,301.0
PhillipFrank@gmail.com,PhillipFrank,Phillip,Frank,601.0
LindaEllis@gmail.com,LindaEllis,Linda,Ellis,511.0
JohnParker@gmail.com,JohnParker,John,Parker,283.0
PatriciaLewis@gmail.com,PatriciaLewis,Patricia,Lewis,536.0
ClaraLee@gmail.com,ClaraLee,Clara,Lee,169.0
KevinLord@gmail.com,KevinLord,Kevin,Lord,854.0
AlfredPerez@gmail.com,AlfredPerez,Alfred,Perez,239.0
RosemarieSomilleda@gmail.com,RosemarieSomilleda,Rosemarie,Somilleda,303.0
SamanthaParrish@gmail.com,SamanthaParrish,Samantha,Parrish,489.0
ConstanceLyons@gmail.com,ConstanceLyons,Constance,Lyons,753.0
MinnieJohnson@gmail.com,MinnieJohnson,Minnie,Johnson,153.0
BradleyShipman@gmail.com,BradleyShipman,Bradley,Shipman,22.0
TommyDannunzio@gmail.com,TommyDannunzio,Tommy,Dannunzio,257.0
SteveMeldrum@gmail.com,SteveMeldrum,Steve,Meldrum,759.0
MartaChiang@gmail.com,MartaChiang,Marta,Chiang,261.0
PatriciaMarcum@gmail.com,PatriciaMarcum,Patricia,Marcum,575.0
MichaelCombs@gmail.com,MichaelCombs,Michael,Combs,821.0
PeterBrowne@gmail.com,PeterBrowne,Peter,Browne,808.0
KarenEhrlich@gmail.com,KarenEhrlich,Karen,Ehrlich,457.0
AlishaSelover@gmail.com,AlishaSelover,Alisha,Selover,924.0
ShirleyWallace@gmail.com,ShirleyWallace,Shirley,Wallace,548.0
JeffBrooker@gmail.com,JeffBrooker,Jeff,Brooker,568.0
MauriceMuller@gmail.com,MauriceMuller,Maurice,Muller,130.0
LisaWeston@gmail.com,LisaWeston,Lisa,Weston,589.0
StephenVaughn@gmail.com,StephenVaughn,Stephen,Vaughn,764.0
GeneCrawford@gmail.com,GeneCrawford,Gene,Crawford,701.0
JosephNunnery@gmail.com,JosephNunnery,Joseph,Nunnery,0.0
ClementEldred@gmail.com,ClementEldred,Clement,Eldred,755.0
HansAyon@gmail.com,HansAyon,Hans,Ayon,570.0
PamelaHayden@gmail.com,PamelaHayden,Pamela,Hayden,327.0
NancyChoquette@gmail.com,NancyChoquette,Nancy,Choquette,277.0
LisaSpector@gmail.com,LisaSpector,Lisa,Spector,9.0
CecilHarbin@gmail.com,CecilHarbin,Cecil,Harbin,709.0
JasonMooney@gmail.com,JasonMooney,Jason,Mooney,707.0
RobertValentine@gmail.com,RobertValentine,Robert,Valentine,632.0
HumbertoGuzman@gmail.com,HumbertoGuzman,Humberto,Guzman,384.0
LolaParker@gmail.com,LolaParker,Lola,Parker,298.0
JoniHamilton@gmail.com,JoniHamilton,Joni,Hamilton,82.0
LindaKestner@gmail.com,LindaKestner,Linda,Kestner,40.0
RobertDammeyer@gmail.com,RobertDammeyer,Robert,Dammeyer,1000.0
CarolThibeault@gmail.com,CarolThibeault,Carol,Thibeault,576.0
LauraGriffin@gmail.com,LauraGriffin,Laura,Griffin,89.0
CodyBurke@gmail.com,CodyBurke,Cody,Burke,236.0
MichaelWhitney@gmail.com,MichaelWhitney,Michael,Whitney,785.0
RaymondMckay@gmail.com,RaymondMckay,Raymond,Mckay,195.0
MarciaCreach@gmail.com,MarciaCreach,Marcia,Creach,851.0
VirginiaAllen@gmail.com,VirginiaAllen,Virginia,Allen,427.0
HowardJackson@gmail.com,HowardJackson,Howard,Jackson,447.0
JohnJenkins@gmail.com,JohnJenkins,John,Jenkins,771.0
MarcosStamm@gmail.com,MarcosStamm,Marcos,Stamm,934.0
PamelaNalls@gmail.com,PamelaNalls,Pamela,Nalls,935.0
RaymondWard@gmail.com,RaymondWard,Raymond,Ward,20.0
SueSnyder@gmail.com,SueSnyder,Sue,Snyder,394.0
RoderickSanchez@gmail.com,RoderickSanchez,Roderick,Sanchez,304.0
NancyThacher@gmail.com,NancyThacher,Nancy,Thacher,350.0
LouiseIvey@gmail.com,LouiseIvey,Louise,Ivey,352.0
EugeneJohnson@gmail.com,EugeneJohnson,Eugene,Johnson,77.0
CarolBowes@gmail.com,CarolBowes,Carol,Bowes,113.0
FrancesOna@gmail.com,FrancesOna,Frances,Ona,765.0
MichaelJarrett@gmail.com,MichaelJarrett,Michael,Jarrett,130.0
LoriRuiz@gmail.com,LoriRuiz,Lori,Ruiz,104.0
HenriettaWilson@gmail.com,HenriettaWilson,Henrietta,Wilson,485.0
RuthFehling@gmail.com,RuthFehling,Ruth,Fehling,500.0
JenniferPartin@gmail.com,JenniferPartin,Jennifer,Partin,56.0
JamesHernandez@gmail.com,JamesHernandez,James,Hernandez,294.0
SarahRodriguez@gmail.com,SarahRodriguez,Sarah,Rodriguez,478.0
MaryHagan@gmail.com,MaryHagan,Mary,Hagan,916.0
KarenWinkler@gmail.com,KarenWinkler,Karen,Winkler,346.0
BrittniFuller@gmail.com,BrittniFuller,Brittni,Fuller,780.0
GertrudeMclemore@gmail.com,GertrudeMclemore,Gertrude,Mclemore,439.0
JeremiahZertuche@gmail.com,JeremiahZertuche,Jeremiah,Zertuche,549.0
KellyFolden@gmail.com,KellyFolden,Kelly,Folden,77.0
AmyShepard@gmail.com,AmyShepard,Amy,Shepard,414.0
JosephBradford@gmail.com,JosephBradford,Joseph,Bradford,848.0
BarbaraPotts@gmail.com,BarbaraPotts,Barbara,Potts,879.0
ChristopherHickman@gmail.com,ChristopherHickman,Christopher,Hickman,834.0
DavidDavie@gmail.com,DavidDavie,David,Davie,148.0
SandraPrice@gmail.com,SandraPrice,Sandra,Price,750.0
DavidYap@gmail.com,DavidYap,David,Yap,971.0
EdKreisler@gmail.com,EdKreisler,Ed,Kreisler,627.0
RichardBryant@gmail.com,RichardBryant,Richard,Bryant,42.0
JenineBeaucage@gmail.com,JenineBeaucage,Jenine,Beaucage,49.0
KatieLopez@gmail.com,KatieLopez,Katie,Lopez,998.0
JamesGross@gmail.com,JamesGross,James,Gross,957.0
JamesCarvajal@gmail.com,JamesCarvajal,James,Carvajal,124.0
JosephineDeutsch@gmail.com,JosephineDeutsch,Josephine,Deutsch,723.0
KeithStewart@gmail.com,KeithStewart,Keith,Stewart,527.0
RogerPillow@gmail.com,RogerPillow,Roger,Pillow,867.0
LynnJefferson@gmail.com,LynnJefferson,Lynn,Jefferson,264.0
SabraHall@gmail.com,SabraHall,Sabra,Hall,288.0
RomanRose@gmail.com,RomanRose,Roman,Rose,744.0
JohnGraham@gmail.com,JohnGraham,John,Graham,507.0
MariaMaupin@gmail.com,MariaMaupin,Maria,Maupin,308.0
HelenSchwartz@gmail.com,HelenSchwartz,Helen,Schwartz,777.0
MichelleHoltrop@gmail.com,MichelleHoltrop,Michelle,Holtrop,399.0
JosephPaiz@gmail.com,JosephPaiz,Joseph,Paiz,428.0
RonaldHarville@gmail.com,RonaldHarville,Ronald,Harville,224.0
MelvinWilt@gmail.com,MelvinWilt,Melvin,Wilt,742.0
CarlaRoberts@gmail.com,CarlaRoberts,Carla,Roberts,159.0
MichaelMchargue@gmail.com,MichaelMchargue,Michael,Mchargue,493.0
DavidPeterson@gmail.com,DavidPeterson,David,Peterson,649.0
RuthDiaz@gmail.com,RuthDiaz,Ruth,Diaz,558.0
AmyRapier@gmail.com,AmyRapier,Amy,Rapier,506.0
MarvinWillard@gmail.com,MarvinWillard,Marvin,Willard,177.0
DellaEvans@gmail.com,DellaEvans,Della,Evans,636.0
SalvadorMccabe@gmail.com,SalvadorMccabe,Salvador,Mccabe,652.0
RachelLongnecker@gmail.com,RachelLongnecker,Rachel,Longnecker,647.0
JamesPayne@gmail.com,JamesPayne,James,Payne,362.0
JanisShaw@gmail.com,JanisShaw,Janis,Shaw,55.0
NathanTorres@gmail.com,NathanTorres,Nathan,Torres,937.0
HattieHoffman@gmail.com,HattieHoffman,Hattie,Hoffman,242.0
WillisFletcher@gmail.com,WillisFletcher,Willis,Fletcher,423.0
JoseHernandez@gmail.com,JoseHernandez,Jose,Hernandez,199.0
MaxineEthridge@gmail.com,MaxineEthridge,Maxine,Ethridge,216.0
WendyMaranda@gmail.com,WendyMaranda,Wendy,Maranda,20.0
HughMann@gmail.com,HughMann,Hugh,Mann,350.0
EmmaDorsey@gmail.com,EmmaDorsey,Emma,Dorsey,67.0
CourtneySmith@gmail.com,CourtneySmith,Courtney,Smith,138.0
WilliamMathew@gmail.com,WilliamMathew,William,Mathew,752.0
PaulineNegrete@gmail.com,PaulineNegrete,Pauline,Negrete,618.0
ElwoodSquines@gmail.com,ElwoodSquines,Elwood,Squines,326.0
RussellTalley@gmail.com,RussellTalley,Russell,Talley,286.0
HannahVergari@gmail.com,HannahVergari,Hannah,Vergari,605.0
CeliaWeaver@gmail.com,CeliaWeaver,Celia,Weaver,202.0
JamesBetschart@gmail.com,JamesBetschart,James,Betschart,347.0
ShilaCommings@gmail.com,ShilaCommings,Shila,Commings,902.0
ZacharyJackson@gmail.com,ZacharyJackson,Zachary,Jackson,424.0
AndrewCox@gmail.com,AndrewCox,Andrew,Cox,468.0
AmyOwens@gmail.com,AmyOwens,Amy,Owens,332.0
NancyTanner@gmail.com,NancyTanner,Nancy,Tanner,204.0
SheliaPalmer@gmail.com,SheliaPalmer,Shelia,Palmer,637.0
JenniferMartin@gmail.com,JenniferMartin,Jennifer,Martin,269.0
DonaldHolland@gmail.com,DonaldHolland,Donald,Holland,858.0
KaylaGreen@gmail.com,KaylaGreen,Kayla,Green,924.0
WalterHyneman@gmail.com,WalterHyneman,Walter,Hyneman,819.0
MelissaDuran@gmail.com,MelissaDuran,Melissa,Duran,518.0
BrainSlagle@gmail.com,BrainSlagle,Brain,Slagle,71.0
AlvaroMckenna@gmail.com,AlvaroMckenna,Alvaro,Mckenna,322.0
VickyPaddick@gmail.com,VickyPaddick,Vicky,Paddick,690.0
PaulVelovic@gmail.com,PaulVelovic,Paul,Velovic,226.0
BridgettBooker@gmail.com,BridgettBooker,Bridgett,Booker,693.0
CliffordWest@gmail.com,CliffordWest,Clifford,West,428.0
HarryHall@gmail.com,HarryHall,Harry,Hall,11.0
JaredCarlton@gmail.com,JaredCarlton,Jared,Carlton,753.0
CynthiaStallings@gmail.com,CynthiaStallings,Cynthia,Stallings,248.0
RicardoWillis@gmail.com,RicardoWillis,Ricardo,Willis,649.0
JeromeHoward@gmail.com,JeromeHoward,Jerome,Howard,504.0
LauraLicudine@gmail.com,LauraLicudine,Laura,Licudine,881.0
PhilipHacker@gmail.com,PhilipHacker,Philip,Hacker,701.0
TonyaBenavides@gmail.com,TonyaBenavides,Tonya,Benavides,607.0
ThomasCasteel@gmail.com,ThomasCasteel,Thomas,Casteel,401.0
JohnStamper@gmail.com,JohnStamper,John,Stamper,494.0
ChristianaVolpe@gmail.com,ChristianaVolpe,Christiana,Volpe,972.0
LouiseStewart@gmail.com,LouiseStewart,Louise,Stewart,833.0
GuyAlvarez@gmail.com,GuyAlvarez,Guy,Alvarez,641.0
DavidKeene@gmail.com,DavidKeene,David,Keene,897.0
PatrickRucker@gmail.com,PatrickRucker,Patrick,Rucker,737.0
BillGabriele@gmail.com,BillGabriele,Bill,Gabriele,752.0
RosaHelman@gmail.com,RosaHelman,Rosa,Helman,1000.0
ReginaldHardy@gmail.com,ReginaldHardy,Reginald,Hardy,680.0
NicholeEstes@gmail.com,NicholeEstes,Nichole,Estes,20.0
BlakeHenderson@gmail.com,BlakeHenderson,Blake,Henderson,618.0
MarkGliem@gmail.com,MarkGliem,Mark,Gliem,987.0
RaulReed@gmail.com,RaulReed,Raul,Reed,561.0
AnthonyGray@gmail.com,AnthonyGray,Anthony,Gray,611.0
EveliaOxley@gmail.com,EveliaOxley,Evelia,Oxley,256.0
DustinDelgado@gmail.com,DustinDelgado,Dustin,Delgado,523.0
MikeFrailey@gmail.com,MikeFrailey,Mike,Frailey,380.0
JessicaPhillips@gmail.com,JessicaPhillips,Jessica,Phillips,398.0
RuthCarter@gmail.com,RuthCarter,Ruth,Carter,246.0
BrandonBenevides@gmail.com,BrandonBenevides,Brandon,Benevides,387.0
RebeccaRivera@gmail.com,RebeccaRivera,Rebecca,Rivera,158.0
ErikRoddy@gmail.com,ErikRoddy,Erik,Roddy,747.0
RuthHam@gmail.com,RuthHam,Ruth,Ham,352.0
BobbiCarrol@gmail.com,BobbiCarrol,Bobbi,Carrol,906.0
AnnaBarger@gmail.com,AnnaBarger,Anna,Barger,403.0
HollyBackstrom@gmail.com,HollyBackstrom,Holly,Backstrom,207.0
KayMelnick@gmail.com,KayMelnick,Kay,Melnick,147.0
PaulineWittke@gmail.com,PaulineWittke,Pauline,Wittke,959.0
LorraineDoss@gmail.com,LorraineDoss,Lorraine,Doss,816.0
EricFuller@gmail.com,EricFuller,Eric,Fuller,631.0
LoisAtkinson@gmail.com,LoisAtkinson,Lois,Atkinson,553.0
ManuelaJones@gmail.com,ManuelaJones,Manuela,Jones,255.0
GregoryFlorido@gmail.com,GregoryFlorido,Gregory,Florido,3.0
KatieNavarro@gmail.com,KatieNavarro,Katie,Navarro,220.0
VirginiaMesa@gmail.com,VirginiaMesa,Virginia,Mesa,644.0
HeatherHancock@gmail.com,HeatherHancock,Heather,Hancock,154.0
VincentMcdonald@gmail.com,VincentMcdonald,Vincent,Mcdonald,895.0
HenryDuer@gmail.com,HenryDuer,Henry,Duer,42.0
ChristopherClark@gmail.com,ChristopherClark,Christopher,Clark,999.0
CarlosPerkins@gmail.com,CarlosPerkins,Carlos,Perkins,69.0
EdithGuest@gmail.com,EdithGuest,Edith,Guest,414.0
JohnWard@gmail.com,JohnWard,John,Ward,175.0
MaryJohnson@gmail.com,MaryJohnson,Mary,Johnson,64.0
TaraLei@gmail.com,TaraLei,Tara,Lei,678.0
RoySerasio@gmail.com,RoySerasio,Roy,Serasio,523.0
CathyBild@gmail.com,CathyBild,Cathy,Bild,241.0
WilliamDommer@gmail.com,WilliamDommer,William,Dommer,7.0
WilliamMassaro@gmail.com,WilliamMassaro,William,Massaro,588.0
JohnSmith@gmail.com,JohnSmith,John,Smith,701.0
AnnaBarbara@gmail.com,AnnaBarbara,Anna,Barbara,520.0
EuniceDresser@gmail.com,EuniceDresser,Eunice,Dresser,216.0
EllisKelling@gmail.com,EllisKelling,Ellis,Kelling,509.0
EricColon@gmail.com,EricColon,Eric,Colon,512.0
JoelWaugh@gmail.com,JoelWaugh,Joel,Waugh,379.0
SandraGill@gmail.com,SandraGill,Sandra,Gill,835.0
GusSmith@gmail.com,GusSmith,Gus,Smith,166.0
BenjaminVandeusen@gmail.com,BenjaminVandeusen,Benjamin,Vandeusen,991.0
HoustonLee@gmail.com,HoustonLee,Houston,Lee,331.0
SusanMoore@gmail.com,SusanMoore,Susan,Moore,290.0
AliceBean@gmail.com,AliceBean,Alice,Bean,254.0
SallyGett@gmail.com,SallyGett,Sally,Gett,790.0
AnnaMorse@gmail.com,AnnaMorse,Anna,Morse,97.0
EdithFannin@gmail.com,EdithFannin,Edith,Fannin,72.0
TimothyWaller@gmail.com,TimothyWaller,Timothy,Waller,364.0
ThomasSanders@gmail.com,ThomasSanders,Thomas,Sanders,419.0
RaymondFleetwood@gmail.com,RaymondFleetwood,Raymond,Fleetwood,821.0
CliffordTurner@gmail.com,CliffordTurner,Clifford,Turner,682.0
JackLewis@gmail.com,JackLewis,Jack,Lewis,693.0
DavidMetheney@gmail.com,DavidMetheney,David,Metheney,462.0
GeraldineBierce@gmail.com,GeraldineBierce,Geraldine,Bierce,406.0
DonaldBauer@gmail.com,DonaldBauer,Donald,Bauer,711.0
LouKaminsky@gmail.com,LouKaminsky,Lou,Kaminsky,49.0
GerardVarin@gmail.com,GerardVarin,Gerard,Varin,917.0
JasonHayward@gmail.com,JasonHayward,Jason,Hayward,778.0
LemuelRamos@gmail.com,LemuelRamos,Lemuel,Ramos,370.0
MarkLee@gmail.com,MarkLee,Mark,Lee,5.0
AngelaSmiley@gmail.com,AngelaSmiley,Angela,Smiley,567.0
StevenBatista@gmail.com,StevenBatista,Steven,Batista,348.0
RobertMattson@gmail.com,RobertMattson,Robert,Mattson,247.0
StevenGlenn@gmail.com,StevenGlenn,Steven,Glenn,622.0
AgnesLong@gmail.com,AgnesLong,Agnes,Long,515.0
JohnThompson@gmail.com,JohnThompson,John,Thompson,73.0
DavidBrissett@gmail.com,DavidBrissett,David,Brissett,674.0
AngelGauvin@gmail.com,AngelGauvin,Angel,Gauvin,609.0
RogerAlzugaray@gmail.com,RogerAlzugaray,Roger,Alzugaray,768.0
JamesRamos@gmail.com,JamesRamos,James,Ramos,460.0
JimmySlonaker@gmail.com,JimmySlonaker,Jimmy,Slonaker,382.0
KathleenWalla@gmail.com,KathleenWalla,Kathleen,Walla,359.0
KellyWhite@gmail.com,KellyWhite,Kelly,White,184.0
SaraWise@gmail.com,SaraWise,Sara,Wise,346.0
JacquelinParsons@gmail.com,JacquelinParsons,Jacquelin,Parsons,428.0
PatriciaLieber@gmail.com,PatriciaLieber,Patricia,Lieber,288.0
KellyKubota@gmail.com,KellyKubota,Kelly,Kubota,321.0
RudyQuintana@gmail.com,RudyQuintana,Rudy,Quintana,67.0
JamesCho@gmail.com,JamesCho,James,Cho,552.0
KevinCox@gmail.com,KevinCox,Kevin,Cox,524.0
LaurieWhite@gmail.com,LaurieWhite,Laurie,White,619.0
BarbaraBishop@gmail.com,BarbaraBishop,Barbara,Bishop,665.0
WilliamDebarge@gmail.com,WilliamDebarge,William,Debarge,360.0
AlbertaPinder@gmail.com,AlbertaPinder,Alberta,Pinder,308.0
JasonLaforce@gmail.com,JasonLaforce,Jason,Laforce,615.0
OpalShelton@gmail.com,OpalShelton,Opal,Shelton,610.0
CorinneNelson@gmail.com,CorinneNelson,Corinne,Nelson,827.0
LamonicaThompson@gmail.com,LamonicaThompson,Lamonica,Thompson,783.0
JulieJones@gmail.com,JulieJones,Julie,Jones,85.0
AndrewButler@gmail.com,AndrewButler,Andrew,Butler,836.0
CharlesArmas@gmail.com,CharlesArmas,Charles,Armas,737.0
JamesBreland@gmail.com,JamesBreland,James,Breland,984.0
JerryFord@gmail.com,JerryFord,Jerry,Ford,794.0
TylerKapur@gmail.com,TylerKapur,Tyler,Kapur,95.0
ManuelHamilton@gmail.com,ManuelHamilton,Manuel,Hamilton,839.0
LottieAshton@gmail.com,LottieAshton,Lottie,Ashton,438.0
MargeneMackenzie@gmail.com,MargeneMackenzie,Margene,Mackenzie,891.0
MarkRamos@gmail.com,MarkRamos,Mark,Ramos,652.0
KimPennell@gmail.com,KimPennell,Kim,Pennell,770.0
VannaThomas@gmail.com,VannaThomas,Vanna,Thomas,395.0
LindaSerpa@gmail.com,LindaSerpa,Linda,Serpa,270.0
KatherineMeyers@gmail.com,KatherineMeyers,Katherine,Meyers,827.0
RobertWilson@gmail.com,RobertWilson,Robert,Wilson,640.0
VernaOkon@gmail.com,VernaOkon,Verna,Okon,501.0
GeorgeKruchten@gmail.com,GeorgeKruchten,George,Kruchten,999.0
AngelaAnderson@gmail.com,AngelaAnderson,Angela,Anderson,489.0
WilliamTillman@gmail.com,WilliamTillman,William,Tillman,192.0
RafaelThompson@gmail.com,RafaelThompson,Rafael,Thompson,547.0
AlbertWhetstone@gmail.com,AlbertWhetstone,Albert,Whetstone,916.0
BruceSoukup@gmail.com,BruceSoukup,Bruce,Soukup,175.0
RussellMccaskin@gmail.com,RussellMccaskin,Russell,Mccaskin,683.0
RobertPalomares@gmail.com,RobertPalomares,Robert,Palomares,621.0
DarleneMalone@gmail.com,DarleneMalone,Darlene,Malone,8.0
JudyHummer@gmail.com,JudyHummer,Judy,Hummer,987.0
CarrollNelson@gmail.com,CarrollNelson,Carroll,Nelson,838.0
JustinHoffman@gmail.com,JustinHoffman,Justin,Hoffman,242.0
RafaelAyotte@gmail.com,RafaelAyotte,Rafael,Ayotte,932.0
PriscillaWilcox@gmail.com,PriscillaWilcox,Priscilla,Wilcox,344.0
WilliamJemison@gmail.com,WilliamJemison,William,Jemison,718.0
LouGladwell@gmail.com,LouGladwell,Lou,Gladwell,433.0
GeorgeTheisen@gmail.com,GeorgeTheisen,George,Theisen,209.0
AngelJenkins@gmail.com,AngelJenkins,Angel,Jenkins,209.0
NancyChavez@gmail.com,NancyChavez,Nancy,Chavez,997.0
JanetEllison@gmail.com,JanetEllison,Janet,Ellison,713.0
RichardMaxwell@gmail.com,RichardMaxwell,Richard,Maxwell,811.0
ChrisViles@gmail.com,ChrisViles,Chris,Viles,466.0
MamiePhillips@gmail.com,MamiePhillips,Mamie,Phillips,382.0
AliceThompson@gmail.com,AliceThompson,Alice,Thompson,471.0
DonaldHadley@gmail.com,DonaldHadley,Donald,Hadley,309.0
KristyBlack@gmail.com,KristyBlack,Kristy,Black,121.0
WalterRobinson@gmail.com,WalterRobinson,Walter,Robinson,563.0
WillisAngus@gmail.com,WillisAngus,Willis,Angus,132.0
DavidCarpenter@gmail.com,DavidCarpenter,David,Carpenter,526.0
DuaneWestbrook@gmail.com,DuaneWestbrook,Duane,Westbrook,94.0
RobertCranford@gmail.com,RobertCranford,Robert,Cranford,280.0
EmilyLuera@gmail.com,EmilyLuera,Emily,Luera,555.0
RichardWoods@gmail.com,RichardWoods,Richard,Woods,753.0
NancyBerrios@gmail.com,NancyBerrios,Nancy,Berrios,370.0
GradyWillard@gmail.com,GradyWillard,Grady,Willard,514.0
LaverneShapiro@gmail.com,LaverneShapiro,Laverne,Shapiro,857.0
RosalieThompson@gmail.com,RosalieThompson,Rosalie,Thompson,482.0
JeffreyMott@gmail.com,JeffreyMott,Jeffrey,Mott,681.0
WarrenBush@gmail.com,WarrenBush,Warren,Bush,274.0
MaryRosales@gmail.com,MaryRosales,Mary,Rosales,969.0
RobertNalls@gmail.com,RobertNalls,Robert,Nalls,449.0
EulaPitt@gmail.com,EulaPitt,Eula,Pitt,153.0
GlindaFarner@gmail.com,GlindaFarner,Glinda,Farner,725.0
MiltonMatthews@gmail.com,MiltonMatthews,Milton,Matthews,44.0
GordonBarnett@gmail.com,GordonBarnett,Gordon,Barnett,503.0
CatherineSchnell@gmail.com,CatherineSchnell,Catherine,Schnell,805.0
RosemaryKalhorn@gmail.com,RosemaryKalhorn,Rosemary,Kalhorn,937.0
KeriNewton@gmail.com,KeriNewton,Keri,Newton,623.0
LolaLoper@gmail.com,LolaLoper,Lola,Loper,411.0
MarjorieMurray@gmail.com,MarjorieMurray,Marjorie,Murray,908.0
NicoleMartin@gmail.com,NicoleMartin,Nicole,Martin,592.0
GaryFleming@gmail.com,GaryFleming,Gary,Fleming,397.0
RichardMoose@gmail.com,RichardMoose,Richard,Moose,134.0
ChesterStoneback@gmail.com,ChesterStoneback,Chester,Stoneback,143.0
ManuelKohl@gmail.com,ManuelKohl,Manuel,Kohl,173.0
SylviaCrawford@gmail.com,SylviaCrawford,Sylvia,Crawford,662.0
ThomasMortimer@gmail.com,ThomasMortimer,Thomas,Mortimer,881.0
EliasOwens@gmail.com,EliasOwens,Elias,Owens,248.0
EdnaRackley@gmail.com,EdnaRackley,Edna,Rackley,564.0
RoyCarlton@gmail.com,RoyCarlton,Roy,Carlton,533.0
FreddieWard@gmail.com,FreddieWard,Freddie,Ward,10.0
DavidSuehs@gmail.com,DavidSuehs,David,Suehs,553.0
JohnRankin@gmail.com,JohnRankin,John,Rankin,81.0
MariaPhillips@gmail.com,MariaPhillips,Maria,Phillips,421.0
LisaCase@gmail.com,LisaCase,Lisa,Case,226.0
AlejandroClarke@gmail.com,AlejandroClarke,Alejandro,Clarke,941.0
MargoEnriquez@gmail.com,MargoEnriquez,Margo,Enriquez,419.0
OllieHope@gmail.com,OllieHope,Ollie,Hope,672.0
CorineClaeys@gmail.com,CorineClaeys,Corine,Claeys,573.0
AmberCrosby@gmail.com,AmberCrosby,Amber,Crosby,834.0
EileenMarquez@gmail.com,EileenMarquez,Eileen,Marquez,554.0
MaryGeorge@gmail.com,MaryGeorge,Mary,George,395.0
TaunyaChiarelli@gmail.com,TaunyaChiarelli,Taunya,Chiarelli,616.0
DonnaSpano@gmail.com,DonnaSpano,Donna,Spano,478.0
EthelMarshall@gmail.com,EthelMarshall,Ethel,Marshall,556.0
DianeWooten@gmail.com,DianeWooten,Diane,Wooten,432.0
JohnMyers@gmail.com,JohnMyers,John,Myers,449.0
KarenHoover@gmail.com,KarenHoover,Karen,Hoover,968.0
SharonSwenson@gmail.com,SharonSwenson,Sharon,Swenson,216.0
CharlesPosey@gmail.com,CharlesPosey,Charles,Posey,926.0
AubreyGladys@gmail.com,AubreyGladys,Aubrey,Gladys,31.0
JoleenMorquecho@gmail.com,JoleenMorquecho,Joleen,Morquecho,238.0
LatonyaGage@gmail.com,LatonyaGage,Latonya,Gage,640.0
NicoleShaw@gmail.com,NicoleShaw,Nicole,Shaw,721.0
TeresitaWilliams@gmail.com,TeresitaWilliams,Teresita,Williams,328.0
KennethMeade@gmail.com,KennethMeade,Kenneth,Meade,170.0
FelicitaHarris@gmail.com,FelicitaHarris,Felicita,Harris,463.0
MaryThomas@gmail.com,MaryThomas,Mary,Thomas,431.0
EmanuelMartin@gmail.com,EmanuelMartin,Emanuel,Martin,329.0
JanetPaulsen@gmail.com,JanetPaulsen,Janet,Paulsen,269.0
TerrenceBrowder@gmail.com,TerrenceBrowder,Terrence,Browder,396.0
LewisFrantz@gmail.com,LewisFrantz,Lewis,Frantz,223.0
ChristaThompson@gmail.com,ChristaThompson,Christa,Thompson,709.0
KaylaSowell@gmail.com,KaylaSowell,Kayla,Sowell,674.0
PaulMcmillian@gmail.com,PaulMcmillian,Paul,Mcmillian,422.0
CarolynJoseph@gmail.com,CarolynJoseph,Carolyn,Joseph,807.0
CharlesNorstrand@gmail.com,CharlesNorstrand,Charles,Norstrand,154.0
KendrickEveritt@gmail.com,KendrickEveritt,Kendrick,Everitt,936.0
DavidWiggins@gmail.com,DavidWiggins,David,Wiggins,938.0
JamesHagen@gmail.com,JamesHagen,James,Hagen,715.0
WilburLewandowski@gmail.com,WilburLewandowski,Wilbur,Lewandowski,536.0
AndreaChaney@gmail.com,AndreaChaney,Andrea,Chaney,48.0
PatriciaFoster@gmail.com,PatriciaFoster,Patricia,Foster,845.0
HarryBlack@gmail.com,HarryBlack,Harry,Black,308.0
EricVirgil@gmail.com,EricVirgil,Eric,Virgil,650.0
AmandaPryor@gmail.com,AmandaPryor,Amanda,Pryor,279.0
JoeSteiger@gmail.com,JoeSteiger,Joe,Steiger,463.0
LewisWilson@gmail.com,LewisWilson,Lewis,Wilson,573.0
JohnOktavec@gmail.com,JohnOktavec,John,Oktavec,943.0
EdwardDrumm@gmail.com,EdwardDrumm,Edward,Drumm,420.0
JohnFennimore@gmail.com,JohnFennimore,John,Fennimore,591.0
LauraSaur@gmail.com,LauraSaur,Laura,Saur,619.0
CharlesBaker@gmail.com,CharlesBaker,Charles,Baker,97.0
EarlRobertson@gmail.com,EarlRobertson,Earl,Robertson,822.0
AliceMeyers@gmail.com,AliceMeyers,Alice,Meyers,388.0
DavidDavis@gmail.com,DavidDavis,David,Davis,997.0
GwennWalker@gmail.com,GwennWalker,Gwenn,Walker,920.0
HelenGriswold@gmail.com,HelenGriswold,Helen,Griswold,719.0
MichelleLay@gmail.com,MichelleLay,Michelle,Lay,344.0
StephanieCipriani@gmail.com,StephanieCipriani,Stephanie,Cipriani,538.0
NeldaTodd@gmail.com,NeldaTodd,Nelda,Todd,686.0
CalvinColon@gmail.com,CalvinColon,Calvin,Colon,306.0
TraciOtt@gmail.com,TraciOtt,Traci,Ott,497.0
JudithWells@gmail.com,JudithWells,Judith,Wells,17.0
TamiTolston@gmail.com,TamiTolston,Tami,Tolston,297.0
MonaZamora@gmail.com,MonaZamora,Mona,Zamora,283.0
RuthArnold@gmail.com,RuthArnold,Ruth,Arnold,210.0
DianneWard@gmail.com,DianneWard,Dianne,Ward,66.0
PaulStoker@gmail.com,PaulStoker,Paul,Stoker,552.0
SherylFinney@gmail.com,SherylFinney,Sheryl,Finney,535.0
KatieSosa@gmail.com,KatieSosa,Katie,Sosa,745.0
MarkPowell@gmail.com,MarkPowell,Mark,Powell,622.0
WillardCollins@gmail.com,WillardCollins,Willard,Collins,867.0
WilliamLin@gmail.com,WilliamLin,William,Lin,457.0
StevenMacmillan@gmail.com,StevenMacmillan,Steven,Macmillan,432.0
KamalaHitchcock@gmail.com,KamalaHitchcock,Kamala,Hitchcock,296.0
MichaelLeblanc@gmail.com,MichaelLeblanc,Michael,Leblanc,357.0
LeslieAmaker@gmail.com,LeslieAmaker,Leslie,Amaker,117.0
ChristinaGordon@gmail.com,ChristinaGordon,Christina,Gordon,733.0
PatriciaAllen@gmail.com,PatriciaAllen,Patricia,Allen,412.0
StanThomas@gmail.com,StanThomas,Stan,Thomas,447.0
IsabellHumphrey@gmail.com,IsabellHumphrey,Isabell,Humphrey,844.0
SarahFreeman@gmail.com,SarahFreeman,Sarah,Freeman,931.0
RhondaXiong@gmail.com,RhondaXiong,Rhonda,Xiong,309.0
CynthiaTackett@gmail.com,CynthiaTackett,Cynthia,Tackett,327.0
GaryHayes@gmail.com,GaryHayes,Gary,Hayes,317.0
EdwardHarlow@gmail.com,EdwardHarlow,Edward,Harlow,736.0
LuisGalloway@gmail.com,LuisGalloway,Luis,Galloway,2.0
MonicaDay@gmail.com,MonicaDay,Monica,Day,910.0
CherlyWarner@gmail.com,CherlyWarner,Cherly,Warner,658.0
ErnestClemans@gmail.com,ErnestClemans,Ernest,Clemans,988.0
CorineLenis@gmail.com,CorineLenis,Corine,Lenis,694.0
PatriciaPatel@gmail.com,PatriciaPatel,Patricia,Patel,955.0
MarkVaught@gmail.com,MarkVaught,Mark,Vaught,663.0
CodyGifford@gmail.com,CodyGifford,Cody,Gifford,619.0
DanielCarson@gmail.com,DanielCarson,Daniel,Carson,707.0
RamonLong@gmail.com,RamonLong,Ramon,Long,130.0
CamiHarris@gmail.com,CamiHarris,Cami,Harris,771.0
DonaldOram@gmail.com,DonaldOram,Donald,Oram,232.0
CoreyNieland@gmail.com,CoreyNieland,Corey,Nieland,47.0
AlexanderClewis@gmail.com,AlexanderClewis,Alexander,Clewis,433.0
RobertHixson@gmail.com,RobertHixson,Robert,Hixson,233.0
DianChoudhury@gmail.com,DianChoudhury,Dian,Choudhury,35.0
SantiagoWillson@gmail.com,SantiagoWillson,Santiago,Willson,825.0
BarbraMartin@gmail.com,BarbraMartin,Barbra,Martin,725.0
MariaWyman@gmail.com,MariaWyman,Maria,Wyman,137.0
JordanDean@gmail.com,JordanDean,Jordan,Dean,118.0
JoannWolf@gmail.com,JoannWolf,Joann,Wolf,562.0
CharlotteByrum@gmail.com,CharlotteByrum,Charlotte,Byrum,921.0
ThelmaBinns@gmail.com,ThelmaBinns,Thelma,Binns,671.0
JennyTaylor@gmail.com,JennyTaylor,Jenny,Taylor,460.0
JamesDurkin@gmail.com,JamesDurkin,James,Durkin,400.0
JacqulineMahajan@gmail.com,JacqulineMahajan,Jacquline,Mahajan,1.0
KenethWitcher@gmail.com,KenethWitcher,Keneth,Witcher,172.0
GinaHooper@gmail.com,GinaHooper,Gina,Hooper,217.0
CharlesErickson@gmail.com,CharlesErickson,Charles,Erickson,993.0
AmySheely@gmail.com,AmySheely,Amy,Sheely,166.0
AnthonyRodriguez@gmail.com,AnthonyRodriguez,Anthony,Rodriguez,294.0
SalvadorThompson@gmail.com,SalvadorThompson,Salvador,Thompson,338.0
MarianneMalone@gmail.com,MarianneMalone,Marianne,Malone,780.0
TrinaBlazer@gmail.com,TrinaBlazer,Trina,Blazer,619.0
JohnQuigley@gmail.com,JohnQuigley,John,Quigley,339.0
FayClyde@gmail.com,FayClyde,Fay,Clyde,504.0
RobertMckinney@gmail.com,RobertMckinney,Robert,Mckinney,35.0
MarionJordan@gmail.com,MarionJordan,Marion,Jordan,487.0
SarahReyes@gmail.com,SarahReyes,Sarah,Reyes,351.0
GaryMonigold@gmail.com,GaryMonigold,Gary,Monigold,756.0
DeborahKoch@gmail.com,DeborahKoch,Deborah,Koch,977.0
CathyCondon@gmail.com,CathyCondon,Cathy,Condon,704.0
MarybethMolina@gmail.com,MarybethMolina,Marybeth,Molina,442.0
JoyceAvalos@gmail.com,JoyceAvalos,Joyce,Avalos,679.0
LaverneReilly@gmail.com,LaverneReilly,Laverne,Reilly,668.0
JoseSchammel@gmail.com,JoseSchammel,Jose,Schammel,511.0
DeniseJackson@gmail.com,DeniseJackson,Denise,Jackson,171.0
SarahPujol@gmail.com,SarahPujol,Sarah,Pujol,467.0
JuanitaRayburn@gmail.com,JuanitaRayburn,Juanita,Rayburn,754.0
AngelaLayman@gmail.com,AngelaLayman,Angela,Layman,623.0
JacqulineImhoff@gmail.com,JacqulineImhoff,Jacquline,Imhoff,715.0
AdamBennett@gmail.com,AdamBennett,Adam,Bennett,773.0
LarryRuiz@gmail.com,LarryRuiz,Larry,Ruiz,832.0
LeahSuther@gmail.com,LeahSuther,Leah,Suther,71.0
ThomasOdonnell@gmail.com,ThomasOdonnell,Thomas,Odonnell,633.0
BenClingerman@gmail.com,BenClingerman,Ben,Clingerman,768.0
MichaelLange@gmail.com,MichaelLange,Michael,Lange,211.0
DeniseEasterday@gmail.com,DeniseEasterday,Denise,Easterday,797.0
KathiRamos@gmail.com,KathiRamos,Kathi,Ramos,681.0
BrendonNahass@gmail.com,BrendonNahass,Brendon,Nahass,201.0
KurtPlienis@gmail.com,KurtPlienis,Kurt,Plienis,194.0
JosephinePerkins@gmail.com,JosephinePerkins,Josephine,Perkins,696.0
MarthaRoman@gmail.com,MarthaRoman,Martha,Roman,745.0
MarkTalmadge@gmail.com,MarkTalmadge,Mark,Talmadge,171.0
DeborahRace@gmail.com,DeborahRace,Deborah,Race,196.0
RhondaValentine@gmail.com,RhondaValentine,Rhonda,Valentine,501.0
PatriciaClemens@gmail.com,PatriciaClemens,Patricia,Clemens,438.0
MaribethCook@gmail.com,MaribethCook,Maribeth,Cook,544.0
MichaelMcewen@gmail.com,MichaelMcewen,Michael,Mcewen,989.0
AudreyBishop@gmail.com,AudreyBishop,Audrey,Bishop,848.0
BarbaraCox@gmail.com,BarbaraCox,Barbara,Cox,184.0
JoyceBerry@gmail.com,JoyceBerry,Joyce,Berry,1.0
ChristopherBruder@gmail.com,ChristopherBruder,Christopher,Bruder,606.0
JeremyGarabedian@gmail.com,JeremyGarabedian,Jeremy,Garabedian,45.0
BeaulahRamirez@gmail.com,BeaulahRamirez,Beaulah,Ramirez,967.0
LauraHall@gmail.com,LauraHall,Laura,Hall,326.0
JasonMcintosh@gmail.com,JasonMcintosh,Jason,Mcintosh,554.0
JerryHanes@gmail.com,JerryHanes,Jerry,Hanes,78.0
RogerPina@gmail.com,RogerPina,Roger,Pina,738.0
DylanClark@gmail.com,DylanClark,Dylan,Clark,634.0
KathleenMccants@gmail.com,KathleenMccants,Kathleen,Mccants,518.0
RichardScott@gmail.com,RichardScott,Richard,Scott,882.0
DavidBrown@gmail.com,DavidBrown,David,Brown,16.0
ThomasLemire@gmail.com,ThomasLemire,Thomas,Lemire,716.0
RennaEmig@gmail.com,RennaEmig,Renna,Emig,838.0
MaryVinson@gmail.com,MaryVinson,Mary,Vinson,235.0
NathanielPaul@gmail.com,NathanielPaul,Nathaniel,Paul,192.0
MildredAndrews@gmail.com,MildredAndrews,Mildred,Andrews,315.0
WilliamJohnson@gmail.com,WilliamJohnson,William,Johnson,522.0
KellieVilla@gmail.com,KellieVilla,Kellie,Villa,99.0
IreneMcree@gmail.com,IreneMcree,Irene,Mcree,386.0
RandeeDavid@gmail.com,RandeeDavid,Randee,David,890.0
CharlesWatson@gmail.com,CharlesWatson,Charles,Watson,721.0
RobertHoward@gmail.com,RobertHoward,Robert,Howard,318.0
AnnaNorris@gmail.com,AnnaNorris,Anna,Norris,967.0
GaryRapa@gmail.com,GaryRapa,Gary,Rapa,3.0
JohnCampbell@gmail.com,JohnCampbell,John,Campbell,55.0
OrethaRowland@gmail.com,OrethaRowland,Oretha,Rowland,892.0
FrancisCutter@gmail.com,FrancisCutter,Francis,Cutter,961.0
DerekMeade@gmail.com,DerekMeade,Derek,Meade,0.0
RogerHelfritz@gmail.com,RogerHelfritz,Roger,Helfritz,749.0
AmyDorn@gmail.com,AmyDorn,Amy,Dorn,69.0
GloriaParis@gmail.com,GloriaParis,Gloria,Paris,905.0
AndrewDarland@gmail.com,AndrewDarland,Andrew,Darland,708.0
MariaFitzpatrick@gmail.com,MariaFitzpatrick,Maria,Fitzpatrick,699.0
MichaelSok@gmail.com,MichaelSok,Michael,Sok,899.0
FredGuzman@gmail.com,FredGuzman,Fred,Guzman,1000.0
ChristopherBuckner@gmail.com,ChristopherBuckner,Christopher,Buckner,153.0
KathyLaw@gmail.com,KathyLaw,Kathy,Law,379.0
WandaRamos@gmail.com,WandaRamos,Wanda,Ramos,972.0
JosephinePorter@gmail.com,JosephinePorter,Josephine,Porter,104.0
PatriciaTanzosch@gmail.com,PatriciaTanzosch,Patricia,Tanzosch,659.0
MichaelDetrick@gmail.com,MichaelDetrick,Michael,Detrick,309.0
ConstanceWallace@gmail.com,ConstanceWallace,Constance,Wallace,698.0
LonnieRhodes@gmail.com,LonnieRhodes,Lonnie,Rhodes,595.0
AmandaLawrence@gmail.com,AmandaLawrence,Amanda,Lawrence,52.0
MariaMiller@gmail.com,MariaMiller,Maria,Miller,768.0
ElizabethKaufmann@gmail.com,ElizabethKaufmann,Elizabeth,Kaufmann,61.0
JoyceCarter@gmail.com,JoyceCarter,Joyce,Carter,654.0
RobertCraig@gmail.com,RobertCraig,Robert,Craig,490.0
FrancesMccurdy@gmail.com,FrancesMccurdy,Frances,Mccurdy,738.0
HarrietBlough@gmail.com,HarrietBlough,Harriet,Blough,618.0
LindaTilson@gmail.com,LindaTilson,Linda,Tilson,52.0
ShaneJacobs@gmail.com,ShaneJacobs,Shane,Jacobs,499.0
ChelseaMorris@gmail.com,ChelseaMorris,Chelsea,Morris,437.0
EffieBaca@gmail.com,EffieBaca,Effie,Baca,590.0
GraceZachary@gmail.com,GraceZachary,Grace,Zachary,86.0
MarenLansberry@gmail.com,MarenLansberry,Maren,Lansberry,855.0
ErikaQuick@gmail.com,ErikaQuick,Erika,Quick,149.0
AllenMorehouse@gmail.com,AllenMorehouse,Allen,Morehouse,369.0
CarolineSnyder@gmail.com,CarolineSnyder,Caroline,Snyder,347.0
GaryGrove@gmail.com,GaryGrove,Gary,Grove,72.0
GarrettCastle@gmail.com,GarrettCastle,Garrett,Castle,1000.0
PaulineAdams@gmail.com,PaulineAdams,Pauline,Adams,905.0
KeithSteele@gmail.com,KeithSteele,Keith,Steele,930.0
RuthHensley@gmail.com,RuthHensley,Ruth,Hensley,690.0
JosephineWise@gmail.com,JosephineWise,Josephine,Wise,306.0
LloydSchrecongost@gmail.com,LloydSchrecongost,Lloyd,Schrecongost,935.0
AnneWright@gmail.com,AnneWright,Anne,Wright,823.0
JohnPowell@gmail.com,JohnPowell,John,Powell,530.0
DeniseCalderon@gmail.com,DeniseCalderon,Denise,Calderon,653.0
MarthaSherling@gmail.com,MarthaSherling,Martha,Sherling,283.0
RogelioStark@gmail.com,RogelioStark,Rogelio,Stark,963.0
GeorgeGriffin@gmail.com,GeorgeGriffin,George,Griffin,280.0
WilliamYoung@gmail.com,WilliamYoung,William,Young,210.0
JohnnieHall@gmail.com,JohnnieHall,Johnnie,Hall,393.0
RonaldLamoureux@gmail.com,RonaldLamoureux,Ronald,Lamoureux,805.0
LindaBerhe@gmail.com,LindaBerhe,Linda,Berhe,254.0
WalterCarpenter@gmail.com,WalterCarpenter,Walter,Carpenter,128.0
AntoniaNichols@gmail.com,AntoniaNichols,Antonia,Nichols,289.0
BonnieHamilton@gmail.com,BonnieHamilton,Bonnie,Hamilton,438.0
MarthaBerry@gmail.com,MarthaBerry,Martha,Berry,141.0
RobertWiltberger@gmail.com,RobertWiltberger,Robert,Wiltberger,255.0
BarbaraAnderson@gmail.com,BarbaraAnderson,Barbara,Anderson,871.0
DouglasShotwell@gmail.com,DouglasShotwell,Douglas,Shotwell,658.0
DouglasCooper@gmail.com,DouglasCooper,Douglas,Cooper,708.0
RobertWare@gmail.com,RobertWare,Robert,Ware,387.0
JosephineThornton@gmail.com,JosephineThornton,Josephine,Thornton,924.0
MichaelMarple@gmail.com,MichaelMarple,Michael,Marple,728.0
MarionMora@gmail.com,MarionMora,Marion,Mora,962.0
AmyDuchene@gmail.com,AmyDuchene,Amy,Duchene,271.0
HazelCaudle@gmail.com,HazelCaudle,Hazel,Caudle,53.0
ErikaMonahan@gmail.com,ErikaMonahan,Erika,Monahan,598.0
NormaBlanchard@gmail.com,NormaBlanchard,Norma,Blanchard,815.0
JanisElliott@gmail.com,JanisElliott,Janis,Elliott,293.0
KimberlyReeves@gmail.com,KimberlyReeves,Kimberly,Reeves,390.0
MarioMelugin@gmail.com,MarioMelugin,Mario,Melugin,147.0
RyanAbbey@gmail.com,RyanAbbey,Ryan,Abbey,513.0
RandallMessenger@gmail.com,RandallMessenger,Randall,Messenger,215.0
TommieNohel@gmail.com,TommieNohel,Tommie,Nohel,551.0
PaulCleavenger@gmail.com,PaulCleavenger,Paul,Cleavenger,767.0
LauraWilliams@gmail.com,LauraWilliams,Laura,Williams,423.0
CarlSchmidt@gmail.com,CarlSchmidt,Carl,Schmidt,577.0
SandraChacon@gmail.com,SandraChacon,Sandra,Chacon,655.0
AnthonyHamby@gmail.com,AnthonyHamby,Anthony,Hamby,469.0
JaneMartucci@gmail.com,JaneMartucci,Jane,Martucci,650.0
WilliamErwin@gmail.com,WilliamErwin,William,Erwin,709.0
HarrisonDittmer@gmail.com,HarrisonDittmer,Harrison,Dittmer,682.0
RyanValverde@gmail.com,RyanValverde,Ryan,Valverde,301.0
GaryProsperie@gmail.com,GaryProsperie,Gary,Prosperie,100.0
DeniseBlackburn@gmail.com,DeniseBlackburn,Denise,Blackburn,834.0
ErinPerez@gmail.com,ErinPerez,Erin,Perez,619.0
ElizabethClinton@gmail.com,ElizabethClinton,Elizabeth,Clinton,36.0
HelenMartin@gmail.com,HelenMartin,Helen,Martin,653.0
WilliamArreola@gmail.com,WilliamArreola,William,Arreola,449.0
GregoryGarrell@gmail.com,GregoryGarrell,Gregory,Garrell,44.0
KrystalKane@gmail.com,KrystalKane,Krystal,Kane,15.0
RosaWheaton@gmail.com,RosaWheaton,Rosa,Wheaton,324.0
RoscoeYarber@gmail.com,RoscoeYarber,Roscoe,Yarber,73.0
HelenaLong@gmail.com,HelenaLong,Helena,Long,257.0
JuanOlague@gmail.com,JuanOlague,Juan,Olague,810.0
DavidHill@gmail.com,DavidHill,David,Hill,416.0
ErinDickson@gmail.com,ErinDickson,Erin,Dickson,295.0
EricWilson@gmail.com,EricWilson,Eric,Wilson,597.0
LucretiaLatimore@gmail.com,LucretiaLatimore,Lucretia,Latimore,434.0
DebbieJamison@gmail.com,DebbieJamison,Debbie,Jamison,141.0
ArturoHofmann@gmail.com,ArturoHofmann,Arturo,Hofmann,465.0
MarthaSanchez@gmail.com,MarthaSanchez,Martha,Sanchez,321.0
WaynePatridge@gmail.com,WaynePatridge,Wayne,Patridge,764.0
DorothyDominguez@gmail.com,DorothyDominguez,Dorothy,Dominguez,404.0
TammyWillaims@gmail.com,TammyWillaims,Tammy,Willaims,351.0
JohnEgbert@gmail.com,JohnEgbert,John,Egbert,135.0
RandyEwing@gmail.com,RandyEwing,Randy,Ewing,365.0
CharlesWelsh@gmail.com,CharlesWelsh,Charles,Welsh,179.0
DustinMount@gmail.com,DustinMount,Dustin,Mount,678.0
RosaBaker@gmail.com,RosaBaker,Rosa,Baker,603.0
MarkSherrill@gmail.com,MarkSherrill,Mark,Sherrill,322.0
AnthonySteinert@gmail.com,AnthonySteinert,Anthony,Steinert,29.0
SaraMcclellan@gmail.com,SaraMcclellan,Sara,Mcclellan,775.0
WayneGoebel@gmail.com,WayneGoebel,Wayne,Goebel,493.0
JamesTurner@gmail.com,JamesTurner,James,Turner,874.0
TommyBailey@gmail.com,TommyBailey,Tommy,Bailey,842.0
DeniseFarr@gmail.com,DeniseFarr,Denise,Farr,233.0
ElizabethWall@gmail.com,ElizabethWall,Elizabeth,Wall,665.0
DavidMetz@gmail.com,DavidMetz,David,Metz,382.0
TravisFlannagan@gmail.com,TravisFlannagan,Travis,Flannagan,860.0
JudyMaldonado@gmail.com,JudyMaldonado,Judy,Maldonado,57.0
DanielleDunn@gmail.com,DanielleDunn,Danielle,Dunn,109.0
MichaelBasque@gmail.com,MichaelBasque,Michael,Basque,66.0
ChristopherKakani@gmail.com,ChristopherKakani,Christopher,Kakani,760.0
GlendaMcghee@gmail.com,GlendaMcghee,Glenda,Mcghee,624.0
HelenHetz@gmail.com,HelenHetz,Helen,Hetz,936.0
BarbaraSaunders@gmail.com,BarbaraSaunders,Barbara,Saunders,27.0
AlainaRoberts@gmail.com,AlainaRoberts,Alaina,Roberts,912.0
BrianVoigt@gmail.com,BrianVoigt,Brian,Voigt,469.0
LourdesBacon@gmail.com,LourdesBacon,Lourdes,Bacon,390.0
MikeCaban@gmail.com,MikeCaban,Mike,Caban,647.0
PatriciaPatterson@gmail.com,PatriciaPatterson,Patricia,Patterson,783.0
TabithaSchweiger@gmail.com,TabithaSchweiger,Tabitha,Schweiger,259.0
ClaudiaDavis@gmail.com,ClaudiaDavis,Claudia,Davis,51.0
LutherBuchanan@gmail.com,LutherBuchanan,Luther,Buchanan,613.0
JoshuaLerner@gmail.com,JoshuaLerner,Joshua,Lerner,759.0
BrandiWesterfield@gmail.com,BrandiWesterfield,Brandi,Westerfield,871.0
MariaLuna@gmail.com,MariaLuna,Maria,Luna,887.0
KellyMiller@gmail.com,KellyMiller,Kelly,Miller,748.0
GregoryDavidson@gmail.com,GregoryDavidson,Gregory,Davidson,172.0
HollyKeeley@gmail.com,HollyKeeley,Holly,Keeley,954.0
WilliamFilley@gmail.com,WilliamFilley,William,Filley,823.0
SusanJones@gmail.com,SusanJones,Susan,Jones,965.0
BillBlackwood@gmail.com,BillBlackwood,Bill,Blackwood,167.0
CorneliaSoria@gmail.com,CorneliaSoria,Cornelia,Soria,359.0
PedroThompson@gmail.com,PedroThompson,Pedro,Thompson,722.0
RalphShipps@gmail.com,RalphShipps,Ralph,Shipps,619.0
LahomaMoore@gmail.com,LahomaMoore,Lahoma,Moore,887.0
BradleyTomkins@gmail.com,BradleyTomkins,Bradley,Tomkins,134.0
CarlMyers@gmail.com,CarlMyers,Carl,Myers,59.0
AntonioJacobs@gmail.com,AntonioJacobs,Antonio,Jacobs,725.0
MaggieReynolds@gmail.com,MaggieReynolds,Maggie,Reynolds,588.0
JeanMohmed@gmail.com,JeanMohmed,Jean,Mohmed,246.0
MelissaWatkins@gmail.com,MelissaWatkins,Melissa,Watkins,292.0
ClementSwingle@gmail.com,ClementSwingle,Clement,Swingle,108.0
DorisVillegas@gmail.com,DorisVillegas,Doris,Villegas,977.0
GeneWalker@gmail.com,GeneWalker,Gene,Walker,918.0
BenWynne@gmail.com,BenWynne,Ben,Wynne,15.0
PatrickHutcherson@gmail.com,PatrickHutcherson,Patrick,Hutcherson,611.0
SarahPurcell@gmail.com,SarahPurcell,Sarah,Purcell,968.0
AlmaFelton@gmail.com,AlmaFelton,Alma,Felton,158.0
DebraHartly@gmail.com,DebraHartly,Debra,Hartly,659.0
LeonJohnson@gmail.com,LeonJohnson,Leon,Johnson,426.0
DavidVanness@gmail.com,DavidVanness,David,Vanness,420.0
MelonieBarbieri@gmail.com,MelonieBarbieri,Melonie,Barbieri,118.0
EdwardWoods@gmail.com,EdwardWoods,Edward,Woods,523.0
JoeGrover@gmail.com,JoeGrover,Joe,Grover,52.0
GladysArchambeault@gmail.com,GladysArchambeault,Gladys,Archambeault,472.0
ChristopherBeattie@gmail.com,ChristopherBeattie,Christopher,Beattie,833.0
JeffreyLee@gmail.com,JeffreyLee,Jeffrey,Lee,526.0
LauraEvans@gmail.com,LauraEvans,Laura,Evans,412.0
ShirleyLevesque@gmail.com,ShirleyLevesque,Shirley,Levesque,897.0
RobinLorino@gmail.com,RobinLorino,Robin,Lorino,965.0
CrystalNewton@gmail.com,CrystalNewton,Crystal,Newton,409.0
FrancesSmith@gmail.com,FrancesSmith,Frances,Smith,153.0
SueSuarez@gmail.com,SueSuarez,Sue,Suarez,71.0
LiliRast@gmail.com,LiliRast,Lili,Rast,856.0
BarbaraFagan@gmail.com,BarbaraFagan,Barbara,Fagan,131.0
ElmaGrier@gmail.com,ElmaGrier,Elma,Grier,416.0
HerbertBerney@gmail.com,HerbertBerney,Herbert,Berney,165.0
JasonWollenburg@gmail.com,JasonWollenburg,Jason,Wollenburg,433.0
VivianEarly@gmail.com,VivianEarly,Vivian,Early,737.0
PaulineGates@gmail.com,PaulineGates,Pauline,Gates,572.0
DavidJardell@gmail.com,DavidJardell,David,Jardell,47.0
AnthonyMassie@gmail.com,AnthonyMassie,Anthony,Massie,153.0
ScottOlsson@gmail.com,ScottOlsson,Scott,Olsson,984.0
ElizabethNadeau@gmail.com,ElizabethNadeau,Elizabeth,Nadeau,427.0
DavidRipp@gmail.com,DavidRipp,David,Ripp,425.0
GracielaMares@gmail.com,GracielaMares,Graciela,Mares,877.0
SharonPadilla@gmail.com,SharonPadilla,Sharon,Padilla,325.0
AmaliaStringer@gmail.com,AmaliaStringer,Amalia,Stringer,427.0
AshleyBradford@gmail.com,AshleyBradford,Ashley,Bradford,842.0
JanetCampos@gmail.com,JanetCampos,Janet,Campos,39.0
SandraLytell@gmail.com,SandraLytell,Sandra,Lytell,945.0
DanielSantiago@gmail.com,DanielSantiago,Daniel,Santiago,995.0
KennethFigueras@gmail.com,KennethFigueras,Kenneth,Figueras,116.0
KathrynOdonnell@gmail.com,KathrynOdonnell,Kathryn,Odonnell,701.0
FrankHager@gmail.com,FrankHager,Frank,Hager,954.0
JosephPrickett@gmail.com,JosephPrickett,Joseph,Prickett,924.0
JulianGardner@gmail.com,JulianGardner,Julian,Gardner,715.0
ElizabethRosato@gmail.com,ElizabethRosato,Elizabeth,Rosato,802.0
JeffreyLambert@gmail.com,JeffreyLambert,Jeffrey,Lambert,919.0
CharlieJames@gmail.com,CharlieJames,Charlie,James,196.0
AlexSung@gmail.com,AlexSung,Alex,Sung,421.0
RaulBurgess@gmail.com,RaulBurgess,Raul,Burgess,973.0
MichaelConner@gmail.com,MichaelConner,Michael,Conner,627.0
TammyRoss@gmail.com,TammyRoss,Tammy,Ross,722.0
RobertBarker@gmail.com,RobertBarker,Robert,Barker,478.0
MarcosSanders@gmail.com,MarcosSanders,Marcos,Sanders,348.0
WilfordNewman@gmail.com,WilfordNewman,Wilford,Newman,396.0
FlorenceOwen@gmail.com,FlorenceOwen,Florence,Owen,487.0
MargorieButler@gmail.com,MargorieButler,Margorie,Butler,314.0
BrentJones@gmail.com,BrentJones,Brent,Jones,483.0
JohnRudd@gmail.com,JohnRudd,John,Rudd,331.0
LeanneGoetz@gmail.com,LeanneGoetz,Leanne,Goetz,235.0
SallyWilliams@gmail.com,SallyWilliams,Sally,Williams,268.0
CoraAlbers@gmail.com,CoraAlbers,Cora,Albers,762.0
CaseyDennis@gmail.com,CaseyDennis,Casey,Dennis,156.0
HarryGonzalez@gmail.com,HarryGonzalez,Harry,Gonzalez,295.0
KimberlySherbert@gmail.com,KimberlySherbert,Kimberly,Sherbert,997.0
RobertRoy@gmail.com,RobertRoy,Robert,Roy,91.0
JesusReed@gmail.com,JesusReed,Jesus,Reed,476.0
ArthurBrown@gmail.com,ArthurBrown,Arthur,Brown,924.0
StanleyMike@gmail.com,StanleyMike,Stanley,Mike,766.0
JohnBarnes@gmail.com,JohnBarnes,John,Barnes,190.0
LaraLindenpitz@gmail.com,LaraLindenpitz,Lara,Lindenpitz,293.0
MeredithBurchess@gmail.com,MeredithBurchess,Meredith,Burchess,275.0
LeonardBuchauer@gmail.com,LeonardBuchauer,Leonard,Buchauer,820.0
KimberlyGillis@gmail.com,KimberlyGillis,Kimberly,Gillis,44.0
ChadWhipkey@gmail.com,ChadWhipkey,Chad,Whipkey,387.0
RichardPruitt@gmail.com,RichardPruitt,Richard,Pruitt,824.0
MartinaSmith@gmail.com,MartinaSmith,Martina,Smith,891.0
WilliamSchmidt@gmail.com,WilliamSchmidt,William,Schmidt,639.0
AlbertScandurra@gmail.com,AlbertScandurra,Albert,Scandurra,58.0
GeorgeMain@gmail.com,GeorgeMain,George,Main,310.0
HopePriest@gmail.com,HopePriest,Hope,Priest,639.0
AntonioKahan@gmail.com,AntonioKahan,Antonio,Kahan,74.0
CurtEdwards@gmail.com,CurtEdwards,Curt,Edwards,242.0
VeronicaSoto@gmail.com,VeronicaSoto,Veronica,Soto,171.0
RobertSingleton@gmail.com,RobertSingleton,Robert,Singleton,109.0
CarleneGardner@gmail.com,CarleneGardner,Carlene,Gardner,477.0
CarlosPike@gmail.com,CarlosPike,Carlos,Pike,988.0
CynthiaNkomo@gmail.com,CynthiaNkomo,Cynthia,Nkomo,384.0
RobertGomez@gmail.com,RobertGomez,Robert,Gomez,216.0
RobertPfaff@gmail.com,RobertPfaff,Robert,Pfaff,318.0
IanHurd@gmail.com,IanHurd,Ian,Hurd,308.0
SeanCollier@gmail.com,SeanCollier,Sean,Collier,440.0
PatriceGarner@gmail.com,PatriceGarner,Patrice,Garner,499.0
AlexanderShroyer@gmail.com,AlexanderShroyer,Alexander,Shroyer,405.0
LanceGilbert@gmail.com,LanceGilbert,Lance,Gilbert,860.0
JulieEngel@gmail.com,JulieEngel,Julie,Engel,290.0
KatherinaLelacheur@gmail.com,KatherinaLelacheur,Katherina,Lelacheur,96.0
ThomasStallworth@gmail.com,ThomasStallworth,Thomas,Stallworth,331.0
ClaudiaPrickett@gmail.com,ClaudiaPrickett,Claudia,Prickett,126.0
JohnIribarren@gmail.com,JohnIribarren,John,Iribarren,294.0
MaryWood@gmail.com,MaryWood,Mary,Wood,270.0
GeraldineKidder@gmail.com,GeraldineKidder,Geraldine,Kidder,928.0
BonnieRagone@gmail.com,BonnieRagone,Bonnie,Ragone,564.0
RaymondBennett@gmail.com,RaymondBennett,Raymond,Bennett,770.0
EthelSchneider@gmail.com,EthelSchneider,Ethel,Schneider,870.0
DeanKelly@gmail.com,DeanKelly,Dean,Kelly,245.0
RoyCrowder@gmail.com,RoyCrowder,Roy,Crowder,878.0
LynetteBrewer@gmail.com,LynetteBrewer,Lynette,Brewer,790.0
MarthaSeymour@gmail.com,MarthaSeymour,Martha,Seymour,450.0
DonAmador@gmail.com,DonAmador,Don,Amador,978.0
RoderickNix@gmail.com,RoderickNix,Roderick,Nix,52.0
PatriciaSnowden@gmail.com,PatriciaSnowden,Patricia,Snowden,209.0
DominickBrown@gmail.com,DominickBrown,Dominick,Brown,709.0
MichaelGraham@gmail.com,MichaelGraham,Michael,Graham,390.0
RalphEhlers@gmail.com,RalphEhlers,Ralph,Ehlers,45.0
ScottGrazier@gmail.com,ScottGrazier,Scott,Grazier,502.0
DeniseMoncivais@gmail.com,DeniseMoncivais,Denise,Moncivais,432.0
RaymondDupuis@gmail.com,RaymondDupuis,Raymond,Dupuis,509.0
KennethCrosby@gmail.com,KennethCrosby,Kenneth,Crosby,627.0
NicoleHaley@gmail.com,NicoleHaley,Nicole,Haley,88.0
AntonioSquire@gmail.com,AntonioSquire,Antonio,Squire,871.0
SamuelVargas@gmail.com,SamuelVargas,Samuel,Vargas,633.0
DavidTucker@gmail.com,DavidTucker,David,Tucker,614.0
JohnPike@gmail.com,JohnPike,John,Pike,682.0
KristiDavis@gmail.com,KristiDavis,Kristi,Davis,542.0
DarlaRogers@gmail.com,DarlaRogers,Darla,Rogers,191.0
RitaBoyer@gmail.com,RitaBoyer,Rita,Boyer,446.0
RoxanneEccles@gmail.com,RoxanneEccles,Roxanne,Eccles,231.0
AnnaBrooks@gmail.com,AnnaBrooks,Anna,Brooks,793.0
PatriciaDrury@gmail.com,PatriciaDrury,Patricia,Drury,746.0
JesseAdams@gmail.com,JesseAdams,Jesse,Adams,437.0
MarquitaWilliams@gmail.com,MarquitaWilliams,Marquita,Williams,775.0
SarahEdwards@gmail.com,SarahEdwards,Sarah,Edwards,967.0
RobertColon@gmail.com,RobertColon,Robert,Colon,656.0
DoraAdams@gmail.com,DoraAdams,Dora,Adams,418.0
NancyNichols@gmail.com,NancyNichols,Nancy,Nichols,426.0
HermanShuford@gmail.com,HermanShuford,Herman,Shuford,310.0
WilliamValot@gmail.com,WilliamValot,William,Valot,161.0
RichardKitsmiller@gmail.com,RichardKitsmiller,Richard,Kitsmiller,151.0
TammieJoseph@gmail.com,TammieJoseph,Tammie,Joseph,64.0
FannyMathis@gmail.com,FannyMathis,Fanny,Mathis,440.0
DoreenJones@gmail.com,DoreenJones,Doreen,Jones,493.0
RonaldAlvarez@gmail.com,RonaldAlvarez,Ronald,Alvarez,483.0
ErikCanipe@gmail.com,ErikCanipe,Erik,Canipe,842.0
JackCollins@gmail.com,JackCollins,Jack,Collins,881.0
PamelaMunoz@gmail.com,PamelaMunoz,Pamela,Munoz,364.0
GaryBruce@gmail.com,GaryBruce,Gary,Bruce,525.0
RobertGallego@gmail.com,RobertGallego,Robert,Gallego,508.0
RobertBrennan@gmail.com,RobertBrennan,Robert,Brennan,717.0
MartaOsborne@gmail.com,MartaOsborne,Marta,Osborne,188.0
AdelineTreffert@gmail.com,AdelineTreffert,Adeline,Treffert,425.0
KevinHancock@gmail.com,KevinHancock,Kevin,Hancock,199.0
AnthonyChatham@gmail.com,AnthonyChatham,Anthony,Chatham,99.0
MarthaCogswell@gmail.com,MarthaCogswell,Martha,Cogswell,680.0
KerriMurphy@gmail.com,KerriMurphy,Kerri,Murphy,234.0
MargieBrown@gmail.com,MargieBrown,Margie,Brown,332.0
BobBorgmeyer@gmail.com,BobBorgmeyer,Bob,Borgmeyer,362.0
LarryChristian@gmail.com,LarryChristian,Larry,Christian,439.0
MaryDuncan@gmail.com,MaryDuncan,Mary,Duncan,825.0
TamaraMeidl@gmail.com,TamaraMeidl,Tamara,Meidl,899.0
RobinKlein@gmail.com,RobinKlein,Robin,Klein,775.0
CharlotteWaters@gmail.com,CharlotteWaters,Charlotte,Waters,494.0
KaylaHildreth@gmail.com,KaylaHildreth,Kayla,Hildreth,957.0
BarryWarne@gmail.com,BarryWarne,Barry,Warne,334.0
LillianCrawford@gmail.com,LillianCrawford,Lillian,Crawford,57.0
RoxieSanchez@gmail.com,RoxieSanchez,Roxie,Sanchez,829.0
AdolfoTatro@gmail.com,AdolfoTatro,Adolfo,Tatro,925.0
JaniceAlexander@gmail.com,JaniceAlexander,Janice,Alexander,901.0
JeanLee@gmail.com,JeanLee,Jean,Lee,73.0
WilliamCleghorn@gmail.com,WilliamCleghorn,William,Cleghorn,546.0
JamesButler@gmail.com,JamesButler,James,Butler,638.0
EdwardSesco@gmail.com,EdwardSesco,Edward,Sesco,775.0
DarleneJohnson@gmail.com,DarleneJohnson,Darlene,Johnson,663.0
JoshuaDavis@gmail.com,JoshuaDavis,Joshua,Davis,605.0
BeulahBaker@gmail.com,BeulahBaker,Beulah,Baker,241.0
JenniferMontgomery@gmail.com,JenniferMontgomery,Jennifer,Montgomery,999.0
DanielPetersen@gmail.com,DanielPetersen,Daniel,Petersen,383.0
RobertParker@gmail.com,RobertParker,Robert,Parker,555.0
GeorgeCowell@gmail.com,GeorgeCowell,George,Cowell,339.0
LisaHatcher@gmail.com,LisaHatcher,Lisa,Hatcher,348.0
AshleyMcanulty@gmail.com,AshleyMcanulty,Ashley,Mcanulty,689.0
JamesHaymaker@gmail.com,JamesHaymaker,James,Haymaker,82.0
AlexCrawford@gmail.com,AlexCrawford,Alex,Crawford,685.0
BerniceGuardado@gmail.com,BerniceGuardado,Bernice,Guardado,662.0
SamuelMartin@gmail.com,SamuelMartin,Samuel,Martin,973.0
ElvinSandoval@gmail.com,ElvinSandoval,Elvin,Sandoval,78.0
GlendaChoate@gmail.com,GlendaChoate,Glenda,Choate,40.0
RobertIngram@gmail.com,RobertIngram,Robert,Ingram,580.0
JosephDavis@gmail.com,JosephDavis,Joseph,Davis,734.0
ElvaMacias@gmail.com,ElvaMacias,Elva,Macias,566.0
DwightTurberville@gmail.com,DwightTurberville,Dwight,Turberville,879.0
EldaHenson@gmail.com,EldaHenson,Elda,Henson,546.0
JonathanAlmond@gmail.com,JonathanAlmond,Jonathan,Almond,648.0
AaronMccray@gmail.com,AaronMccray,Aaron,Mccray,421.0
LorenaAinsworth@gmail.com,LorenaAinsworth,Lorena,Ainsworth,782.0
HelenPetersen@gmail.com,HelenPetersen,Helen,Petersen,117.0
RobertGarcia@gmail.com,RobertGarcia,Robert,Garcia,687.0
BryonNoles@gmail.com,BryonNoles,Bryon,Noles,718.0
DoyleKelley@gmail.com,DoyleKelley,Doyle,Kelley,854.0
DarrellWhite@gmail.com,DarrellWhite,Darrell,White,310.0
JamesMendez@gmail.com,JamesMendez,James,Mendez,718.0
